﻿<?xml version="1.0" encoding="utf-8"?>
<LandXML xmlns:xsd="http://www.w3.org/2001/XMLSchema" xmlns:xsi="http://www.w3.org/2001/XMLSchema-instance" xsi:schemaLocation="http://www.landxml.org/schema/LandXML-1.2 http://www.landxml.org/schema/LandXML-1.2/LandXML-1.2.xsd" date="2022-11-05" time="17:50:55.7865355+01:00" version="1.2" xmlns="http://www.landxml.org/schema/LandXML-1.2">
  <Units>
    <Metric areaUnit="squareMeter" linearUnit="meter" volumeUnit="cubicMeter" temperatureUnit="celsius" pressureUnit="mmHG" />
  </Units>
  <Application name="RailCOMPLETE®" manufacturer="Railcomplete AS" version="2022.2.0.8">
    <Author createdBy="Claus Feyling" />
  </Application>
  <Project name="Unnamed" />
  <CoordinateSystem name="WCS" />
  <Alignments name="005 2022-11-05 Alignment with cant - ACS coordinates-Final.dwg">
    <Alignment name="T01" length="349.99998109201226" staStart="0" desc="">
      <CoordGeom>
        <Line dir="1.5707963267948983" length="50" staStart="0">
          <Start>100 0</Start>
          <End>99.9999999999999 50</End>
        </Line>
        <Spiral length="99.9999905460062" radiusEnd="100.02401315930921" radiusStart="INF" rot="cw" spiType="clothoid" chord="98.893814280152284" constant="100.01200113138682" dirEnd="2.0707160139695526" dirStart="1.5708360982000504" staStart="50">
          <Start>100 50</Start>
          <PI>99.9973130173436 117.560666883434</PI>
          <End>83.6285091675912 147.529281709657</End>
        </Spiral>
        <Curve rot="cw" chord="49.4807918509046" dirEnd="2.5707963267948992" dirStart="2.0707963267948966" length="50.000000000000007" radius="99.999999999999488" staStart="149.99999054600619">
          <Start>83.6285952624297 147.528768820034</Start>
          <Center>-4.12966092660717 99.5862149596144</Center>
          <End>49.9005696602063 183.733313440404</End>
        </Curve>
        <Spiral length="99.9999905460061" radiusEnd="INF" radiusStart="100.02401315931249" rot="cw" spiType="clothoid" chord="98.893814280152313" constant="100.01200113138842" dirEnd="3.0707565553897425" dirStart="2.5708766396202569" staStart="199.99999054600619">
          <Start>49.9005696602063 183.733313440404</Start>
          <PI>21.1649099945606 202.1810091679</PI>
          <End>-46.226326443658 206.962741937767</End>
        </Spiral>
        <Line dir="3.0707963267948983" length="50.000000000000007" staStart="299.99998109201226">
          <Start>-46.2258209289389 206.962619778221</Start>
          <End>-96.1005702591416 210.499479861606</End>
        </Line>
      </CoordGeom>
      <Profile>
        <ProfAlign name="T01">
          <PVI>0 0</PVI>
          <CircCurve length="0" radius="10">10 0</CircCurve>
          <CircCurve length="0" radius="20">20 8</CircCurve>
          <CircCurve length="0" radius="20">40 8</CircCurve>
          <CircCurve length="0" radius="10">50 0</CircCurve>
          <PVI>350 0</PVI>
        </ProfAlign>
      </Profile>
      <Cant name="T01" gauge="1.5">
        <CantStation station="0" appliedCant="0" cantDeficiency="0" curvature="cw" adverse="false" />
        <CantStation station="50" appliedCant="0" cantDeficiency="0" curvature="cw" adverse="false" />
        <CantStation station="150" appliedCant="800" cantDeficiency="NaN" curvature="cw" adverse="false" />
        <CantStation station="200" appliedCant="800" cantDeficiency="NaN" curvature="cw" adverse="false" />
        <CantStation station="300" appliedCant="0" cantDeficiency="0" curvature="cw" adverse="false" />
      </Cant>
    </Alignment>
  </Alignments>
</LandXML>